,Annonce réelle,Chemin_Audio
0,"Voyageurs en gare de Mitry Claye si vous souhaitez vous rendre en direction de Paris, vous pouvez emprunter la ligne K à la voie 2 voie 2, votre train arrivera dans un instant. il desservira Aulnay-sous-Bois ainsi que Paris Nord, son terminus en voie de surface ou emprunter la ligne B à la voie 5 voie 5, départ prévu dans 8 Min à la voie 3 voies 3. Ce train ne prend plus de voyageur en raison d'une panne. Ce train est rendu en direction des garages.",D:/projet_hachathon/Audios/Fichiers_son/0087271528-DCT-20230829-094434-dd670589-d1b5-4e9d-a832-ac5cc1ad61b3.wav
1,"Voie I, Voie I, je rappelle que le TER actuellement à quai est à destination de Genève. Départ 09h38 aux voyageurs à destination de Chambéry votre TER sera reçu après départ 09h50",D:/projet_hachathon/Audios/Fichiers_son/0087723197-PUPITRE_TACTILE_COEG-20230829-093240-1f7a519e-caca-4569-986b-ec71874e86ed.wav
2,Votre prochain départ RER à destination de Torcy s'effectuera de la voie E dans 12 Min.,D:/projet_hachathon/Audios/Fichiers_son/0087386573-DCT-20230829-120806-7334b76c-cd1c-448f-af8f-fc36a0854f1c.wav
3,"Voyageurs à destination de Paris Saint-Lazare attention, votre prochain train sera reçu quai B voie 2 prochain train pour Paris Saint-Lazare sera reçu quai B voie 2 d'ici quelques minutes. Prochain train pour Paris Saint Lazare sur le quai B voie numéro 2 si vous souhaitez emprunter ce train, merci d'emprunter les escaliers. Le passage souterrain, prochain train pour Paris Saint-Lazare quai B voie numéro 2 dans 4 à 5 Min. Merci de ne pas courir dans les escaliers, vous avez tout le temps pour changer de quai.",D:/projet_hachathon/Audios/Fichiers_son/0087386417-DCT-20230822-173756-496435d8-0693-47c0-81d0-00e5e19b78bf.wav
4,"Vous Messieurs, votre attention, s'il vous plaît. Le propriétaire de la valise noire de marque X Pack laissé sans surveillance dans le TGV 6111 à la voie C est priée de le récupérer de toute urgence avant l'intervention des services de sécurité.",D:/projet_hachathon/Audios/Fichiers_son/0087751008-Pupitre_Escale_1-20230823-161705-755f4bca-fb55-4810-8420-ab095e70152c.wav
5,"Mesdames, Monsieurs votre attention s'il vous plaît, nous demandons au propriétaire qui a oublié un sac à dos de couleur marron et noir posé au sol, porte S et priée de venir le récupérer immédiatement. Le propriétaire qui a oublié un sac à dos de couleur marron et noir posé au sol, portes S au niveau 2 de la gare SNCF et priée de venir le récupérer immédiatement.",D:/projet_hachathon/Audios/Fichiers_son/0087271494-VOX@NET_1-20230829-080133-4c0de612-b959-4a52-a392-c85935deba10.wav
6,"Madame, Monsieur, c'est annonce concernent les voyageurs du ouigo 7831 destinations de Marseille, départ à 07h01, retard de 20 Min due à une défaillance du matériel. Je vous remercie de votre attention.",D:/projet_hachathon/Audios/Fichiers_son/0087271494-VOX@NET_1-20230829-064951-0a14929b-4375-4fd5-a57b-8e20415c9a6d.wav
7,"Flash INFO trafic, ligne B, Madame Monsieur, Bonsoir et bienvenue en gare. Il est 19 h l'heure pour moi de faire un point sur la circulation. Actuellement le trafic est fluide sur l'ensemble de la ligne. En revanche je vous rappelle que tu lundi au vendredi à partir de 22h45. Le trafic est interrompu entre gare du Nord et l'aéroport Roissy-Charles-de-Gaulle 2, mais également entre Gare du Nord et Mitrique.. pour suivre en temps réel l'évolution de votre ligne, je vous invite à consulter les applications Île-de-France mobilités, les sites de transilien.com, ratp.fr, SNCF Connect ou votre appli de Mobilités, je vous souhaite à tous et à toutes, une agréable fin de journée et un bon voyage.",D:/projet_hachathon/Audios/Fichiers_son/0087001479-DCT-20230828-190006-f7969dfe-555a-409f-9974-4e88c1573716.wav
8,"Madame, Monsieur cette annonce concernent les voyageurs du TGV INOUI 5260 à destination de ville flandre, départ 09h48, un retard de 25 minutes due à un choc nécessite une vérification technique. Je vous remercie de votre attention. ",D:/projet_hachathon/Audios/Fichiers_son/0087271494-VOX@NET_1-20230829-094032-d630387f-8f9b-4309-90a7-825e0dc0d7e1.wav
9,Vous informe que votre prochain train en direction de Paris est retenu en gare d Argenteuil suite à des travaux rendu tardivement. Je reviens vous informer de l évolution de la situation dans quelques instants Merci de votre écoute,D:/projet_hachathon/Audios/Fichiers_son/0087381079-DCT-20230823-045721-1ab4a76b-b1cc-417e-a6e9-1a59234b5b89.wav
10,"Madame, Monsieur, Bonjour, il est actuellement 14 h et 39 Min. Si vous empruntez la ligne A du RER, je vous informe que le trafic un restera toujours ralenti et ce jusqu'à 15h00 entre Nantes donc voici marne-la-vallée-chessy, cela fait suite à un bagage oublié par un voyageur à bord d'un RER en gare de Maisons-Laffitte et par la suite un malaise de voyageur survenu à bord du même RER. Prévoir donc des ralentissements, des suppressions, encore des modifications de desserte. Vous avez la possibilité de Retrouvez toutes ces informations sur Île-de-France Mobilités ,Transilien.com ou encore SNCF connecte votre application de mobilité Madame Monsieur, je vous remercie de votre écoute.",D:/projet_hachathon/Audios/Fichiers_son/0087386052-DCT-20230829-143909-3a26eb9a-b09e-4730-b594-a79da8b3308f.wav
11,"Mesdames, Monsieurs en voie A , je vous invite à patienter devant les portes de vos voitures. En effet, votre ouigo est actuellement en cours de préparation. Merci à tous, de votre écoute et je reviens vers vous donc quelques instants.",D:/projet_hachathon/Audios/Fichiers_son/0087686006-Pupitre_COE_2_gauche-20230829-120835-45987f3e-828c-4533-b163-3834f5806b14.wav
12,"Mesdames, Monsieurs, je vous informe que le TGV lyria 9213, 12h22 pour Zurich aura un retard de 15 Min. Ceci fait suite à la présence d'un bagage oublier à bord. Mesdames, Monsieurs, je répète le TGV derrière 9213, 12h22 pour Zurich va subir un retard de 15 Min au départ de notre gare, ceci à cause de la découverte d'un bagage oublier à bord. Mesdames, Monsieurs, merci à tous de votre écoute.",D:/projet_hachathon/Audios/Fichiers_son/0087686006-Pupitre_COE_2_gauche-20230829-121023-69714200-c080-4882-bd3c-99a98d6aff10.wav
13,"Mesdames, Monsieurs, nous recherchons toujours activement le ou la propriétaire d'une valise rouge laissée à la voie 11 voiture 16 dans le TGV en provenance de Genève. Donc si le ou la propriétaire de cette valise rouge est toujours présent, il est prié de venir récupérer immédiatement à la voie 11 voiture 16 et ceci avant l'intervention des forces de l'ordre.",D:/projet_hachathon/Audios/Fichiers_son/0087686006-Pupitre_COE_2_gauche-20230829-121428-a0d93bf1-50af-4d47-9ece-5e2b19a0ec52.wav
14,"Mesdames, Monsieurs, à la voie votre ouigo 7125 pour Marseille est maintenant accessible, je vous invite à monter à bord. Et vous souhaitez à tous un excellent voyage.",D:/projet_hachathon/Audios/Fichiers_son/0087686006-Pupitre_COE_2_gauche-20230829-122352-4d59d71f-4921-43ef-ad2c-9b1a5569d47a.wav
15,"Mesdames, Messieurs, votre attention, s'il vous plaît, je reviens vers les voyageurs du TGV inouï numéro 6107 à destination de Marseille pour un départ initialement prévu à 09h38. Votre embarquement vient de débuter à la voie des accessible depuis le hall numéro un. Je répète, pour les voyageurs à destination de Marseille, avec un départ initialement prévu à 09h38 sur le TGV inouï. Numéro 6107, votre embarquement vient de débuter à la voie D. Accessible depuis le hall numéro un. Mesdames, Messieurs, je vous remercie pour votre patience et vous souhaite un très bon voyage.",D:/projet_hachathon/Audios/Fichiers_son/0087686006-Pupitre_COE_2_gauche-20230815-101311-1c9d0b81-edf8-4888-a3b9-76e2fa41bd4c.wav
16,"Mesdames, Monsieurs j'informent les voyageurs du train Trenitalia 6651, départ 14h26 à destination de Lyon Perrache, que votre accueil embarquement vient de débuter sur la voie h depuis le hall un et uniquement depuis le hall numéro un.",D:/projet_hachathon/Audios/Fichiers_son/0087686006-Pupitre_COE_2_gauche-20230815-141048-c38a22b5-ef1b-4c0f-a324-8bc6907615b7.wav
17,"Mesdames, Messieurs, j'informe les voyageurs du TER Bourgogne 891009 départ initialement prévu 14h46 à destination de Laroche Migennes. Que votre télé TER subira un retard au départ de 15 Min En effet, nous sommes en attente de votre train qui a pris du retard lors de sa mission précédente. Je vous communiquerait sa voie de départ dès que possible. Merci de rester attentif aux annonces ainsi que au panneau d'affichage.",D:/projet_hachathon/Audios/Fichiers_son/0087686006-Pupitre_COE_2_gauche-20230815-142546-efed67d4-ce91-448b-9597-32c285c84180.wav
18,"Mesdames, Messieurs, votre attention, s'il vous plaît, le ou la propriétaire d'une valise cabine de couleur grise laissé sans surveillance dans le prêt-à-manger du hall un est prié de récupérer de toute urgence son bagage avant intervention des forces de l'ordre. Je répète le ou la propriétaire d'une valise cabine grise laissé sans surveillance dans  le prêt-à-manger du hall un est prié de récupérer son bagage immédiatement.",D:/projet_hachathon/Audios/Fichiers_son/0087686006-Pupitre_COE_2_gauche-20230815-143201-5d95db29-2e06-4b50-acae-3f2a53a7d8a1.wav
19,"Mesdames, Monsieurs, votre attention, s'il vous plaît, le ou la propriétaire de la valise cabine de couleur grise laissé sans surveillance dans le prêt-à-manger du hall un est prié de récupérer son bagage de toute urgence avant intervention des forces de l'ordre. Merci.",D:/projet_hachathon/Audios/Fichiers_son/0087686006-Pupitre_COE_2_gauche-20230815-144751-accbf29d-0b4c-433f-ab2e-7eb1614fd8ab.wav
20,"Mesdames, Monsieurs, j'informe les voyageurs de la ligne R que votre Transilien 150 à 1849 départs à 15h13 pour Montargis est en place et accessible sur la voie L",D:/projet_hachathon/Audios/Fichiers_son/0087686006-Pupitre_COE_2_gauche-20230815-145128-058db405-04c8-47e5-a545-95071fdcaf9b.wav
21,"Madame, Monsieur, l'embarquement du TER 891011 à destination de Laroche Migennes. Sur la voie L, du hall 1 et Hall 3. Mesdames Monsieurs, les voyageurs désirant se rendre à destination de Laroche Migennes, je vous informe que votre TER est désormais accessible depuis le hall numéro 3 et hall numéro un. Départ prévu 16h46 Madame, Monsieur, merci de votre attention.",D:/projet_hachathon/Audios/Fichiers_son/0087686006-Pup_Sec_COE_Droite-20230815-162307-cb629621-49bb-495f-b409-f0e5fb197472.wav
22,"Messieurs dames, Bonjour, vous êtes en gare de Paris gare de Lyon. Le train actuellement à quai sur la voie N est à destination de Montargis. Le départ est prévu. A 17h16. Je vous remercie de votre attention.",D:/projet_hachathon/Audios/Fichiers_son/0087686006-Pup_Sec_COE_Droite-20230815-165653-27366c83-826f-4cb3-b625-899f279938f6.wav
23,"Messieurs dames, je vous informe que actuellement sur la voie M, votre TER 891015 à destination de Laroche Migennes. Départ prévu 17h46. Attention sur la voie M votre TER à destination de Laroche Migennes. Départ prévu 17h46. Je vous informe que celui-ci ira directement jusqu'à Melun et desservir à toutes les gares jusqu'à la roche Migennes, son terminus. Madame Monsieur, merci de votre attention.",D:/projet_hachathon/Audios/Fichiers_son/0087686006-Pup_Sec_COE_Droite-20230815-173434-b7fd7b67-0e9b-4049-a1b6-4ac5f4cb9667.wav
24,"Voie 22, 24. Je vous rappelle que le prochain train à destination de Paris se trouve actuellement à quai à la voie 21. Je répète que le prochain départ à destination de Paris se fera de la voie 21.",D:/projet_hachathon/Audios/Fichiers_son/0087271460-DCT-20230817-154535-230ac6b8-69dc-4fe0-9dee-a65fe142d782.wav
25,"Ceci est un message de service, Monsieur Dimitri Kitov, vous avez oublié votre carton pour emballer votre vélo au guichet. Je vous invite donc à vous et Andrea récupérer votre bagage, répète Monsieur Dimitri Kirtov. Vous avez oublié un carton à emballer les vélos devant le guichet, vous vous êtes donc prié de vous y rendre et de récupérer votre bagage.",D:/projet_hachathon/Audios/Fichiers_son/0087271460-DCT-20230817-183519-617732bb-f5fe-4731-b8ae-138f5bdb6852.wav
26,"Flash Info trafic ligne B, Madame, Monsieur, Bonjour et bienvenue en gare. Il est 20h30, 20h22  l'heure pour moi de vous faire un point sur la circulation actuellement l'aéroport Roissy-Charles-de-Gaulle 2 n'ai pas desservir jusqu'à 01h00 estimée de 21 h en raison d'une procédure de affaires oubliées. Pour suivre en temps réel l'évolution de votre ligne, je vous invite à consulter les applications Île-de-France Mobilités site transilien.comratp.fr, SNCF connecter ou l'application de mobilités. Merci de votre attention.",D:/projet_hachathon/Audios/Fichiers_son/0087001479-DCT-20230817-202205-8671d291-bf7d-4422-ab65-dc37e8686086.wav
27,"Voie 22, je vous rappelle que plus aucun train ne monte jusqu'à l'aéroport Roissy Charles-de-Gaulle 2 donc le train actuellement à quai et terminus son prochain départ se fera en direction de Paris. Tous les voyageurs à descendre de ce train en n'oubliant pas vos effets personnels. Je répète, voie 22  le train actuellement à quai, il terminus pour les voyageurs souhaitant se rendre à l'aéroport Roissy Charles de Gaulle 2 je vous invite à monter d'un étage et aller prendre la navette, CDG Val. Merci de votre attention.e",D:/projet_hachathon/Audios/Fichiers_son/0087271460-DCT-20230817-202735-9eff33cd-a27b-46ec-a62c-c74eb3dccee5.wav
28,À la voie 23. Je vous rappelle que le train actuellement à quai par sera le premier départ à destination de Paris sont départ se fera dans quelques instants. Je répète voie 23 prochain départ à destination de Paris. Le départ de ce train se fera dans quelques instants.,D:/projet_hachathon/Audios/Fichiers_son/0087271460-DCT-20230817-203010-33e7f9ba-319f-4d90-b252-9549d8fc02f5.wav
29,"Flash INFO trafic ligne B, les 21h52, le trafic est perturbé sur l'ensemble de la ligne. Cela fait suite à un incendie aux abords des voies en gare du Nord souterraine. Prévoyez des allongement de temps. Parcours des modifications de desserte. Voir aussi les suppressions surtout, restez bien attentif aux annonces sonores. Pour plus d'informations, n'hésitez pas à vous rendre sur l'Appli Île-de-France mobilités, les site transilien.comratp.fr, SNCF Connect ou encore votre rapide mobilités.",D:/projet_hachathon/Audios/Fichiers_son/0087001479-DCT-20230817-215215-54094fed-48ac-4822-8a75-3b289b0e6dbe.wav
30,"Flash INFO trafic ligne B, les 21h55, le trafic est perturbé sur l'ensemble de la ligne. Cela fait suite à un incendie aux abords des voir en gare souterraine à en gare du Nord. Prévoyez des allongement de temps de parcours, des modifications de desserte. Voir aussi les suppressions, restez donc bien attentif aux annonces sonores. Pour plus d'informations, n'hésitez pas à vous rendre sur l'Appli Île-de-France Mobilités,  et les sites transilien.com, ratp.fr, SNCF Connect ou encore votre rapide mobilités.",D:/projet_hachathon/Audios/Fichiers_son/0087001479-DCT-20230817-215521-0c0c6443-98bc-4c97-9132-78527acfab82.wav
31,"Essai de sonorisation, voie 22, voie 24, essai de sonorisation.",D:/projet_hachathon/Audios/Fichiers_son/0087271460-DCT-20230818-065037-503c040c-f50e-4ac1-be63-c8273ce09810.wav
32,"Madame Monsieur, prochain départ en direction de Paris à la voie 21, voie 21. Ce train desservira les gares d'Aulnay-sous-bois, Paris Nord et aura pour terminus Fontaine Michalon, voie 21. Prochain départ en direction de Paris.",D:/projet_hachathon/Audios/Fichiers_son/0087271460-DCT-20230819-183555-c8297e6d-7a47-4a12-9026-a3233850931d.wav
33,"Mesdames, Monsieurs  actuellement à quai à la voie numéro 23. Votre prochain départ à destination de l'aéroport Charles-de-Gaulle 2 à la voie 23, actuellement à quai. Votre prochain départ à destination de l'aéroport Charles-de-Gaulle 2. Je vous rappelle que le train actuellement à quai, la voie 21 est un train qui va se diriger en direction de Paris dans quelques minutes.",D:/projet_hachathon/Audios/Fichiers_son/0087271460-DCT-20230820-092409-372dec05-ac2c-4dbb-a97b-c620b8ca57e3.wav
34,"Flash Info trafic, Madame, Monsieur, Bonjour et bienvenue en gare. Il est 12h00 l'heure pour moi de vous faire avoir sur la circulation. Actuellement le trafic est fluide sur l'ensemble de la ligne. En revanche des travaux sont en cours. En effet, jusqu'au 27 août. Bagnolet n'est pas deservie jusqu'au 25 août, le trafic est interrompu entre pour la reine et repense poursuivre en temps réel de l'évolution de votre ligne. Je vous invite à consulter les applications Île-de-France mobilités des sites transfert.comratp.fr SNCF connectant votre appli 2 mobilités. Je vous souhaite à tous et à toutes une agréable journée.",D:/projet_hachathon/Audios/Fichiers_son/0087001479-DCT-20230821-120017-3699f5df-00a5-401b-addb-637f6fcbf0e4.wav
35,"Voie 22, 24. Je vous informe que les prochain départ à destination de Paris se feront de la voie 21 je répète que les prochain départ à destination de Paris se feront à la voie 21. Je répète que les prochain départ à destination de Paris se fera à la voie 21.",D:/projet_hachathon/Audios/Fichiers_son/0087271460-DCT-20230821-124007-1578596e-a41a-427c-8956-0e80826542e2.wav
36,"Madame, Monsieur à la voie 21, ce train desservira toutes les gares de son parcours jusqu'à Paris et au rapport aura pour terminus  massy-Palaiseau, voie 21 prochain départ en direction de Paris.",D:/projet_hachathon/Audios/Fichiers_son/0087271460-DCT-20230821-185938-0d64480c-7daf-49c2-b1bd-618df8b92984.wav
37,"Pour le service pour le service essai de sonorisation pour le service pour les services, essai de sonorisation.",D:/projet_hachathon/Audios/Fichiers_son/0087271460-DCT-20230822-070622-7466476e-204a-472e-97ac-7840d899e213.wav
38,"Voyageurs, je vous informe que votre prochain départ à destination de Paris se fera de la voie 22, il sera sans arrêt jusqu'à Aulnay-sous-Bois pour les voyageurs souhaitant se rendre au texte à Villepinte, au à Sevran, un autre train se trouve actuellement à quai à la voie 21. Il desservira toutes les gares de son parcours.",D:/projet_hachathon/Audios/Fichiers_son/0087271460-DCT-20230822-084418-915583d0-a883-411d-8f4c-6d4734ed1468.wav
39,"Mesdames et Messieurs, Les derniers voyageurs ouigo numéro 7842 à destination de Lille Flandres sont invités à se présenter très rapidement au dispositif de accueil embarquement situé à la porte N pour accéder au train. Ladies and gentlemans, the Bording of you OUIGO train number 7842 Going to Lille Flandres. Will close in few moments. Last passengers are invited to go quickly to the bording  get end.",D:/projet_hachathon/Audios/Fichiers_son/0087271494-VOX@NET_1-20230816-132839-1cf62133-cf84-44ff-a93d-9de95c9f6523.wav
40,"Votre attention, s'il vous plaît, l'embarquement pour votre train ouigo 7835 à destination de Marseille va fermer dans quelques instants. Ces derniers voyageurs sont invités à se présenter rapidement en porte N pour accéder au train. Marseille. ",D:/projet_hachathon/Audios/Fichiers_son/0087271494-VOX@NET_1-20230816-134754-d2e87398-c55b-4ebf-beac-f9660b3bcc73.wav
41,"Flash info trafic ligne B Madame, Monsieur, Bonjour et bienvenue en gare. Il est 17 h 31 l'heure pour moi de vous faire un point sur la circulation. Actuellement le trafic est fluide sur l'ensemble de la ligne mais je vous rappelle que jusqu'au 27 août Bagne n'est pas desservie jusqu au 20 août, le trafic est interrompu entre Fontaine Michalon, Massy Palaiseau et jusqu'au 25 août, le trafic est interrompu entre  Blois,Rennes et Robinson  pour suivre en temps réel l'évolution de votre ligne, je vous invite à consulter les applications Île-de-France mobilités des site Transilien.com, ratp.fr SNCF connectant votre appli de Mobilités, je vous souhaite à tous et à toutes une agréable journée, un pour voyage.",D:/projet_hachathon/Audios/Fichiers_son/0087001479-DCT-20230815-173055-3b0525c8-f70b-4861-8004-59bad4c1368e.wav
42,"Madame, Monsieur, j'informe les voyageurs du TER de France T10 à destination de Amiens pour un départ à 19h07. Votre train au départ de la voie 8 votre TER est en cours d'acheminement. Il va rentrer en gare dans quelques instants, vous pouvez déjà vous rendre sur la voie 8 tout en vous éloignant de la bordure du quai. Madame, Monsieur, j'informe les voyageurs du TER de France à destination de Beauvais pour un départ à 19h07. Votre TGV est annoncé au départ de la voie 20. Votre TGV est en cours d'acheminement, il va rentrer en gare dans quelques instants, vous pouvez déjà vous rendre sur la voie 20 tout en vous éloignant de la bordure du quai. Merci.",D:/projet_hachathon/Audios/Fichiers_son/0087271007-VOX@NET_GL1-20230829-184501-665ddb1b-fa35-4759-b2d3-006357540ceb.wav
43,"Votre TER entre en gare pour votre sécurité, éloignez vous de la bordure du quai. Merci.",D:/projet_hachathon/Audios/Fichiers_son/0087271007-VOX@NET_GL1-20230829-185143-fc6d84ee-6ff3-4ba6-92f4-6b4026833733.wav
44,"Madame, Monsieur, j'informe les voyageurs du TER de France K 16 à destination de Abbeville pour un départ à 19h31. Votre TER est actuellement en cours de préparation au centre de maintenance. Je reviens vers vous dès que possible pour vous annoncer sa voie de départ.",D:/projet_hachathon/Audios/Fichiers_son/0087271007-VOX@NET_GL1-20230829-191100-0c6c81c8-be1d-46b6-b54a-3214b3cf03fd.wav
45,"Je reviens auprès des voyageurs du TER ou de France K 16 à destination de Abbeville pour un départ initialement prévu à 19h31. Votre TER est annoncé au départ de la voie 17,  votre TER ce soir à l'instant du centre de maintenance, il va se mettre à quai dans quelques instants, vous pouvez déjà vous rendre donc sur cette voie tout en vous éloignant de la bordure du quai.",D:/projet_hachathon/Audios/Fichiers_son/0087271007-VOX@NET_GL1-20230829-191749-ebc39b2c-bfe1-4210-bbfc-b5e62e329f81.wav
46,"À la voie 8, votre TER en rentrant, gare pour votre sécurité, éloignez vous de la bordure du quai. Merci.",D:/projet_hachathon/Audios/Fichiers_son/0087271007-VOX@NET_GL1-20230829-192929-e875c32e-126b-46e4-9bef-78542f9ad1b2.wav
47,"À la voie 17, le train situées à l'avant du quai ne prend pas de voyageurs. Merci à tous les voyageurs de bien vouloir prendre place dans le train situé à l'accès au quai merci.",D:/projet_hachathon/Audios/Fichiers_son/0087271007-VOX@NET_GL1-20230829-201701-99ed6ad0-2c47-4061-8419-c2f61d99f95d.wav
48,"L'eurostar 9019 à destination de Londres Saint Pancras, départ 10h13 est maintenant prêt à l'embarquement à la voie numéro 5 ?",D:/projet_hachathon/Audios/Fichiers_son/0087271007-VOX@NET_TM1-20230830-094620-8cc06362-6cd3-437f-aed9-87b6a6617d8f.wav
49,"À la voie 15, votre attention s'il vous plaît, votre TER pour Boulogne, contrairement à ce qui a été affiché, partira depuis la voie 6. Voici ce pour le TER à destination de Boulogne.",D:/projet_hachathon/Audios/Fichiers_son/0087271007-VOX@NET_GL1-20230830-130056-276d04a9-0fd4-4f4f-9041-155df13fc581.wav
50,"Voie 13, votre TER entre en gare, Éloignez vous de la bordure du quai. Attendez l'arrêt complet du train avant de prendre place à bord voie 13, votre TER à destination de Saint Quentin entre en gare.",D:/projet_hachathon/Audios/Fichiers_son/0087271007-VOX@NET_GL1-20230830-172315-7d1ed838-cc07-4080-bb35-78c12302215a.wav
51,"À la voie 15, à la voie 15, nous vous rappelons. Que descendre sur le voie et strictement interdit, descendre sur les voies est strictement interdit pour vous exposer à des poursuites. Et par ailleurs un train peut entrer en gare à tout moment.",D:/projet_hachathon/Audios/Fichiers_son/0087271007-VOX@NET_GL2-20230830-183130-3b8bdcf5-a723-427d-8854-2921e635b971.wav
52,"Annonce pour les voyageurs empruntant le TER à destination de Amiens. Départ 19h07. Votre départ s'effectue depuis la voie numéro 8. Le départ du TER à destination d'Amiens prévu à 19h07 s'effectuera de la voie numéro 8. Votre TER est actuellement en cours d'acheminement vers la gare. Lors de son entrée en gare, merci de bien vous tenir éloignés de la bordure.",D:/projet_hachathon/Audios/Fichiers_son/0087271007-VOX@NET_GL1-20230830-183904-3d30a7e2-0ef2-428b-8653-4609d8ef67ab.wav
53,"Annonce pour les voyageurs empreintant le TER  à destination de Maubeuge. Départ prévu 19h19 votre TER, est actuellement en   cours d'acheminement en provenance des garages et va entrer en gare dans quelques minutes à la voie numéro 14. Le TER de Maubeuge, départ prévu 19h19, va entrer en gare dans quelques minutes à la voie 14. Lors de votre arrivée sur la voie 14, merci de patienter en vous tenant éloigner de la bordure.",D:/projet_hachathon/Audios/Fichiers_son/0087271007-VOX@NET_GL1-20230830-185712-7247d661-56f5-4c5d-90aa-1eb45fb50c56.wav
54,"Voie numéro 14, votre TER à destination de Maubeuge, départ prévu 19h19 entre en gare. Pour votre sécurité, merci de vous éloigner de la bordure du quai. Et merci d'attendre un arrêt complet des trains avant de prendre place à bord. Voie numéro 14, votre TER destination de Maubeuge, départ 19h19. Entre en gare pour votre sécurité, éloignez vous de la bordure du quai. Attendez l'arrêt complet des trains. Avant de prendre place à bord.",D:/projet_hachathon/Audios/Fichiers_son/0087271007-VOX@NET_GL1-20230830-190007-0eaf9d1f-fd44-45fd-b0be-f728cca6d8e2.wav
55,"Annonce pour les voyageurs empruntant le TER, destination de Beauvais, départ 19h37 votre TER et actuellement en ligne entrera en gare dans quelques minutes à la voie numéro 20. Le TER à destination de Beauvais, départ 19h37 entrera en gare dans quelques minutes à la voie 20. Lors de votre arrivée sur la voie 20, merci de patienter en vous donnant éloigner de la bordure.",D:/projet_hachathon/Audios/Fichiers_son/0087271007-VOX@NET_GL1-20230830-191624-82bc5d1a-503b-485d-992e-69015e7fea41.wav
56,"Voie numéro 8, votre TER à destination de Compiègne, départ 19h37 entre en gare pour votre sécurité et le niveau de la bordure du quai. Attendez l'arrêt complet du train ainsi que la descente des voyageurs avant de prendre place à bord voie 8, votre TER à destination de Compiègne entre en gare pour votre sécurité, éloignez vous de la bordure du quai et Attendez l'arrêt complet du train ainsi que la descente des voyageurs avant de prendre place à bord.",D:/projet_hachathon/Audios/Fichiers_son/0087271007-VOX@NET_GL1-20230830-192120-a06ce468-512d-4d34-9559-3680a47d135f.wav
57,"Annonce pour les voyageurs à destination de Saint Juan chaussée départ prévus 20h07, votre TER est actuellement en ligne et entrera en gare dans quelques minutes à la voie numéro 21. le TER à destination de Saint Juan Chaussée départ prévu 20h07. Entrera en gare dans quelques minutes à la voie 21. Lors de votre arrivée sur la voie 21, merci de patienter vous tenant éloigner de la bordure du quais.",D:/projet_hachathon/Audios/Fichiers_son/0087271007-VOX@NET_GL1-20230830-194459-fe19cc16-5f38-423e-bd19-cdbaf381303a.wav
58,"Madame, Monsieur le ou la propriétaire d'un vélo blanc. Laissé cela voie 18 est prié de récupérer son vélo de toute urgence. Le ou la propriétaire d'un vélo blanc et prié de récupérer son vélo de toute urgence face au voie 17 18.",D:/projet_hachathon/Audios/Fichiers_son/0087271007-VOX@NET_GL1-20230830-120755-12845608-5476-4823-929d-44ba67f9c935.wav
59,"S'il vous plaît, Nous vous rappelons que la traverser des voies est strictement interdite. La traversée les interdites, vous vous exposez à des poursuites. Par ailleurs, un train, peu entrer en gare ou entrer en mouvement à tout moment.",D:/projet_hachathon/Audios/Fichiers_son/0087271007-VOX@NET_GL1-20230830-163202-998db8b7-7d80-45c8-8294-f2c579a43a5e.wav
60,"Voie 13, TER entre en gare, Éloignez vous de la bordure du quai. Attendez l'arrêt complet du train avant de prendre place à bord voie 13, votre TER à destination de Saint Quentin entre en gare",D:/projet_hachathon/Audios/Fichiers_son/0087271007-VOX@NET_GL1-20230830-172315-7d1ed838-cc07-4080-bb35-78c12302215a.wav
61,Je reviens vers les voyageurs à destination de Beauvais. Départ 18h07. Votre TER est maintenant en cours de préparation en gare et sera affichée dans quelques minutes. le TER à destination de Beauvais départ 18h07 est en cours de préparation hier.,D:/projet_hachathon/Audios/Fichiers_son/0087271007-VOX@NET_GL1-20230830-175406-ed0e6443-63d5-403d-a444-29222afff7ec.wav
62,Madame Monsieur votre attention s il vous plaît je vous rappelle que suite à une procédure d'affaire oublier à Roissy Charles de Gaulle 1 aucun train ne circule dans votre gare jusqu à 21h50 environ de se fait J invite tous les voyageurs encore à quai de se rendre vers les portes de sortie s il vous plaît,D:/projet_hachathon/Audios/Fichiers_son/0087001479-DCT-20230831-210705-5ce1b88d-fbcb-488f-854c-b44b94d49280.wav
63,Flash INFO trafic Bonsoir à tous je vous informe que le trafic est interrompu entre le parc des Expositions et le terminal 2 de l aéroport et ce dans les 2 sens de circulation Cela fait suite à une procédure d'affaire oublier en gare du terminal 1 de l aéroport Leur de reprise est estimée à 21h50 Pour plus d informations rendez vous sur l appli Île de France Mobilités le site transilien comratp fr SNCF connecte ou votre appli de mobilités,D:/projet_hachathon/Audios/Fichiers_son/0087001479-PRE-20230831-211548-f9b2cc11-0b17-476b-931f-3e1ccc723457.wav
64,Flash infotrafic la ligne B Bonjour à tous et bienvenue à tous ceux qui viennent de nous rejoindre Nous sommes le vendredi premier septembre nous allons faire un point sur la circulation et je vous informe que le trafic de Ligne B fortement perturbé Cela est dû à la prolongation des travaux de nuit en gare de Aulnay sous bois Prévoyez des allongement du temps Parcours des modifications de mission train voire des suppressions des missions de train Vous pouvez bien sûr avoir davantage d informations Consultant l application Île de France Mobilités et site transilien comratp fr SNCF Connect Votre appli de Mobilités je vous souhaite une très bonne journée à tous,D:/projet_hachathon/Audios/Fichiers_son/0087001479-PRE-20230901-062028-26a6e163-462e-4f03-8cb1-45a7e4b58859.wav
65,"Flash infotrafic ligne B  Madame Monsieur Bonjour et bienvenue encore idée Excusez moi je disais qu il est 11h33 l heure pour moi de vous faire un point sur la circulation Actuellement le trafic est fluide sur l ensemble de la ligne. En revanche jusqu au 25 août le trafic est interrompu entre dans l arène les Robinson et jusqu au 25 aout la ligne n est pas desservis pour suivre en temps réel l évolution de votre ligne je vous invite à consulter les applications Île de France Mobilités les sites ratp.com, sncf connect et vos appli de mobilités.",D:/projet_hachathon/Audios/Fichiers_son/0087001479-DCT-20230824-113347-7cf5427c-221e-4240-b5b5-1f22b0ddc63a.wav
66,Info travaux RER B Sud jusqu au 25 août le trafic est interrompu entre Bourg La Reine et Robinson. Vous avez la possibilité d emprunter les différents bus de,D:/projet_hachathon/Audios/Fichiers_son/0087271023-PRE-20230825-081711-68d663ee-12ab-47a9-bbd4-f2c8ad4b188f.wav
67,Madame Monsieur je vous informe que la navette cdgval n est actuellement pas accessible en raison d une procédure d'affaire oublier Merci d emprunter le RER B,D:/projet_hachathon/Audios/Fichiers_son/0087001479-PRE-20230825-190316-89b84730-1815-4a2b-ad6d-ca9ff8111394.wav
68,"Messieurs, dames, Bonjour votre attention s il vous plaît je vous informe que votre premier train destination de Robinson vient de quitter la gare de Roissy 2 premier train destination de Robinson vient de quitter la gare de Roissy 2 pour tout changement de quai pour votre sécurité je vous invite à utiliser les passages à disposition dans votre gare Merci de votre écoute Excellente journée",D:/projet_hachathon/Audios/Fichiers_son/0087271460-DCT-20230829-045732-74a6c953-995b-4275-964a-f399dc3461ed.wav
69,"Messieurs, dames. Bonjour votre attention s il vous plaît je vous informe que actuellement le trafic est interrompu entre Aulnay sous Bois Paris gare du Nord et ce dans les 2 sens de circulation suite à un tardive de travaux en gare du Bourget Le train concerné a commencé à recirculer donc j espère qu on va pouvoir reprendre les circulations d ici peu normalement Reprise estimée à 05h00 Je reviendrai vers vous pour vous donner un peu plus d informations Merci de votre écoute et excellente matinée",D:/projet_hachathon/Audios/Fichiers_son/0087001479-DCT-20230829-053158-b161b7de-a0c3-4c7e-81c2-4e758528bf8f.wav
70,"Mesdames, Monsieurs, Bonjour je m adresse aux voyageurs à destination de l aéroport Charles de Gaulle 2 Je vous informe que votre train se trouve actuellement à quai en gare de Sevran Beaudottes Il arrive dans quelques minutes dans votre gare votre prochain départ à destination de l aéroport Charles de Gaulle de se trouve actuellement à quai en gare de Sevran Bedottes",D:/projet_hachathon/Audios/Fichiers_son/0087271460-DCT-20230829-070155-ff628c59-3f62-4352-81e9-d77ff343b905.wav
71,Flash info trafic ligne B Bonjour à tous et bienvenue à tous ceux qui viennent de nous rejoindre Il est 07h30 et nous allons faire un nouveau point sur la circulation vous informe que le trafic de la ligne B est ralentie sur l ensemble de la ligne celui à des travaux rendu un petit peu plus tard que prévu en gare du Bourget Vous voyez quelque allongement du temps de parcours des modifications de mission de train et éventuellement des suppressions des missions de train Vous pouvez bien sûr faire le point en consultant l application Île de France mobilités les site transilien comratp fr SNCF Connect ou votre applis mobilités Je vous souhaite une très bonne matinée à tous,D:/projet_hachathon/Audios/Fichiers_son/0087001479-DCT-20230829-073018-86ab5858-4613-4712-ad54-d109ac2f5f57.wav
72,Madame Monsieur Bonjour 08h02 et je reviens vers vous pour de amples informations concernant le signal d alarme tiré en gare de la plaine stade de france je vous informe que c était un malaise voyageur Cet incident est actuellement terminée les trains vont pouvoir reprendre leur marche,D:/projet_hachathon/Audios/Fichiers_son/0087001479-DCT-20230831-080245-5eaefcd2-3bbb-4c50-a075-a0fde90fb9d2.wav
73,"Madame Monsieur Bonjour bienvenue en gare je vous informe qu' actuellement on la station RER 1 de l aéroport Charles de Gaulle un n est pas desservie jusqu à 14h30 en raison de la découverte de affaires oubliées en ce même lieu Retrouvez toutes les informations liées à cet événement sur l Appli Île de France Mobilités sur les sites Transilien.com, ratp.com, SNCF connect et sur votre appli de mobilités. Je vous remercie pour votre attention",D:/projet_hachathon/Audios/Fichiers_son/0087001479-DCT-20230831-135016-85bd6f2f-b7c5-4257-bb99-9bd61cf4f36a.wav
74,Madame Monsieur votre attention s il vous plaît en raison d une procédure d'affaire oubliées voie 21 23 je vous demanderai de vous diriger vers le hall de la gare,D:/projet_hachathon/Audios/Fichiers_son/0087271460-DCT-20230831-205610-54294f59-99bc-4330-9c93-a17e496662cd.wav
75,Madame Monsieur votre attention s il vous plaît en raison d une procédure d'affaire oublier en gare voie 21 je vous demanderai de vous diriger vers le hall de la gare Merci,D:/projet_hachathon/Audios/Fichiers_son/0087271460-DCT-20230831-205736-9e22332b-8406-406c-8e47-b60d0f5e7afd.wav
76,Madame Monsieur votre attention s il vous plaît je vous rappelle que suite à une procédure d'affaire oublier à Roissy Charles de Gaulle un aucun train ne circule dans votre gare jusqu à 21h50 environ de ce fait J invite tous les voyageurs encore à quai de se rendre vers les portes de sortie s il vous plaît,D:/projet_hachathon/Audios/Fichiers_son/0087001479-DCT-20230831-210705-5ce1b88d-fbcb-488f-854c-b44b94d49280.wav
77,Madame Monsieur prochain train qui était à l approche à la voie 4 est un train sopa pour Creil prochain train pour le nord de la ligne un train sopa pour Creil au départ de la voie 2 un train ropo pour Corbeil essonnes,D:/projet_hachathon/Audios/Fichiers_son/0087686030-DCT-20230827-221539-43d39b6b-83cc-4cfc-aacb-0c5947a5b3dc.wav
78,Madame Monsieur votre attention s il vous plaît voie 4 voie 4 le train actuellement à quai sera maintenu Un petit instant nous reviendrons rapidement vers vous Ce train actuellement à quai sera maintenu à un petit moment à quai Merci,D:/projet_hachathon/Audios/Fichiers_son/0087686030-DCT-20230901-094256-d564dda4-da73-4592-a377-fa716a9f2ff0.wav
79,Faites attention s il vous plaît je reviens vers les voyageurs qui doivent emprunter initialement le TER à destination Damien les par prévu à 11h31 nous à la voie numéro 18 nous sommes contraints de supprimer ce TER Pour les voyageurs destination Damien Départ prévu initialement à 11h31 Nous sommes contraints de supprimer ce TER toujours en conséquence d un incident d alimentation électrique entre Creil et Clermont de l Oise,D:/projet_hachathon/Audios/Fichiers_son/0087271007-VOX@NET_GL1-20230824-120448-a571ecd7-6a78-4d19-b40f-4e97c4449c84.wav
80,Mesdames Messieurs un défaut d alimentation électrique entre Creil Clermont De l Oise Compiègne Tergnier impact les circulations La circulation est donc interrompue sur l'axe Paris Amiens Compiègne et Terny l'heure de reprise est estimé sur l'axe créer Amiens et de est à 16h30 et pour l axe Compiègne dernier 14 h Merci pour votre attention,D:/projet_hachathon/Audios/Fichiers_son/0087271007-VOX@NET_GL1-20230824-130203-4e76f6bf-88dc-4481-9d76-00da7c7a6418.wav
81,Madame Monsieur suite à l arbre sur les voies et un défaut d alimentation électrique Le TER pour Amiens privé R 16 4 et le TGV 1 Juste ton chauffeur privé à 16h07 seront affichés tardivement Je vous prie de rester à l écoute des annonces,D:/projet_hachathon/Audios/Fichiers_son/0087271007-VOX@NET_GL1-20230824-154228-c188da3d-1977-4b49-aebd-b3144df2880a.wav
82,Madame Monsieur suite à l arbre sur les bois et un défaut d alimentation électrique Le TER pour Amiens prévu à 16 4 et le TER pour Saint Just En chaussée privé à 16h07 seront affichés tardivement Je vous prie de rester à l écoute des annonces,D:/projet_hachathon/Audios/Fichiers_son/0087271007-VOX@NET_GL1-20230824-155014-0319dd41-86c9-4ff7-a11c-213e4318aabf.wav
83,"Madame Monsieur le TER prévu Initialement à 16h04  partira avec 45 Min de retard de la voie numéro 16 Il desservira Creil, Clermont de l Oise Saint Jules Longueau et Amiens Le TER prévu pour Saint  à 16h00 Cet partira avec un Minutes et desservira horribles Chantilly Gouvieux Creil Laignes Viviancours Ntini Clermont de l Oise et Saint Ju",D:/projet_hachathon/Audios/Fichiers_son/0087271007-VOX@NET_GL1-20230824-160250-ec08f6b2-b770-4b17-bc24-c2bf217c46f5.wav
84,Voie numéro 6 le TER situé à l accès aux quais ne prend pas de  voyageurs Vous êtes invité à prendre place dans le TER Situées en tête de quai le TER situé à l'accés au quais ne prend pas de voyageurs,D:/projet_hachathon/Audios/Fichiers_son/0087271007-VOX@NET_GL1-20230824-171102-5fe3bfe6-39a6-4034-ae53-66b6078c0b85.wav
85,Voie numéro 6 le TER pour Montberg prévu initialement 17h19 subi un retard probable de 10 Min au départ suite aux conditions météorologiques,D:/projet_hachathon/Audios/Fichiers_son/0087271007-VOX@NET_GL1-20230824-171348-6a416b95-a9ce-4733-a152-843979a3b86c.wav
86," Flash info trafic, madame, monsieur, Bonjour et bienvenue à Paris Gare du Nord Il est 17h30 et enfin ensemble un point sur ce qui vous attend sur B et D les horaires affichée sont respectés Même chose côté correspondances métro 2 4 et 5 avec la ligne E et h parlons travaux le trafic interrompu entre gare du Nord aéroport Charles de Gaulle 2 Mitry à partir de 20h45 la gare de Bayonne n'est pas déservie et arcueil le trafic interrompu Trop beau la reine et Robinson sur la ligne D le trafic interrompu entre Paris gare de Lyon et Creil à partir de 23h20 Il est interrompue entre Paris gare de Lyon et Creil à partir du samedi à 22h00 au dimanche à 08h50 Pour plusieurs renseignements je vous invite à vous rendre sur l appli de Ile-de-France Mobilités, Transilien. com,  ratp.fr SNCF connect et les  autres applis de mobilités",D:/projet_hachathon/Audios/Fichiers_son/0087271023-DCT-20230825-173021-b830f9d9-8db1-4664-84fd-716e2b7fed38.wav
87,Mesdames Messieurs votre attention s il vous plaît l'eurostar numéro 9039 départ 15h13 pour Londres Saint Pancras International va partir embarquement immédiat voie numéro 3 Les dizaines Attention places euro Need at No immédiate boarding plateforme,D:/projet_hachathon/Audios/Fichiers_son/0087271007-VOX@NET_TM1-20230830-151420-081006ca-d0e9-47b3-abab-c9f615f1410a.wav
88,Mesdames Messieurs j informe les voyageurs du TER ou de France à destination de Creil Départ prévu à 22h34 initialement qu en raison de la présence d un bagage délaissé Votre train est retenu à l affichage retard sera surrement à moins prévoir Nous invitons les voyageurs  souhaitant se rendre à Orry Chantilly Creil à prendre place dans le TER de France à destination de Amiens Départ 22h28 à la voie numéro 17 Merci de votre attention,D:/projet_hachathon/Audios/Fichiers_son/0087271007-VOX@NET_GL1-20230830-222335-74da8109-68f7-4699-aeae-213fd080cf1d.wav
89,"Mesdames, Monsieurs, l'attente du matériel suite à la prise en charge d une personne malade nous contraint à retarder l affichage du Ter prévu pour Creil prévu 07h 49 je vous prie de rester à l'écoute des annonces.",D:/projet_hachathon/Audios/Fichiers_son/0087271007-VOX@NET_GL1-20230831-072749-30c72353-6bf8-4bc4-bb07-70ef9bbff5b9.wav
90,Madame Monsieur à la voie 2 votre train est maintenu à quai en raison d un incident de signalisation dans le secteur de Paris gare du Nord Je reviens vers vous dès que j ai plus d informations Merci de votre écoute,D:/projet_hachathon/Audios/Fichiers_son/0087686030-DCT-20230903-133732-db726b02-b867-499c-aa30-297eaa825d48.wav
91,Votre attention s il vous plaît pour les voyageurs empruntant le TER à destination de Amiens départ prévu initialement à 12h04 à la voie numéro 16 Une avarie survenue sur le matériel nous contraint de reporter votre départ d environ 30 Min Une avarie concernant le matériel nous contraint de reporter votre départ d environ 30 Min pour votre Ter à destination d'Amiens,D:/projet_hachathon/Audios/Fichiers_son/0087271007-VOX@NET_GL1-20230903-121820-e5587709-adee-43d2-8789-944654e7817a.wav
92,Pour les voyageurs du TER  Saint-Just-en-Chaussée départ 13h07 votre départ s effectuera depuis la voie numéro 11 Le TER de Saint-Just-en-Chaussée Départ 13h07 partira de la voie 11,D:/projet_hachathon/Audios/Fichiers_son/0087271007-VOX@NET_GL1-20230903-125810-bfd7a097-0694-4908-aeaa-6da37b4aa6b6.wav
93,Madame Monsieur votre TER à destination de Landes départ initialement prévu 15h58 est en place sur la voie 8 Son retard a été réévalué à 20 Min Donc je répète le retard de votre TER à destination de Landes est actuellement de 20 Min au départ Merci de votre attention,D:/projet_hachathon/Audios/Fichiers_son/0087271007-VOX@NET_GL1-20230903-161203-f76e0cb6-4edd-4f37-ac64-2ed042067800.wav
94,Service international informe les voyageurs à destination de Amsterdam et Bruxelles Départ prévu 12h21 que vos Talys sont actuellement en cours de préparation en gare et sont affichés dans quelques minutes Les Thalys à destination d Amsterdam de Bruxelles départ 12h21 sont en cours de préparation  en gare et vont etre affiché dans quelques minutes,D:/projet_hachathon/Audios/Fichiers_son/0087271007-VOX@NET_GL1-20230904-115908-69088419-d7a6-4fa4-8d27-3c6b6159f295.wav
95,Mesdames Messieurs votre téléphone à destination de Calvi Le départ 16h31 est en place sur la voie 8 Il partira avec un retard estimé de 10 Min en raison de sa préparation tardive en gare Merci de votre attention,D:/projet_hachathon/Audios/Fichiers_son/0087271007-VOX@NET_GL1-20230901-162657-738e02ec-869c-4f89-bef9-874993676fba.wav
96,"Annonce personnel, annonce personnel, le petit Sébastien, Volker, le petit Sébastien Volker est attendu par sa maman face à la voie numéro 16. Merci.",D:/projet_hachathon/Audios/Fichiers_son/0087547000-COE-20230901-210352-fd2a748e-04da-4333-8603-fb3fd73a5f92.wav
97,"Madame, Monsieur votre attention, s'il vous plaît, nous venons de procéder à l'affichage du train Intercités 3635 à destination de Cahors. Nous vous informons que ce train partira à 12h41 de la voie numéro 3. Merci de préparer vos titres de transport ainsi que les justificatifs éventuels de réduction avant d'accéder à la voie numéro 3. Mesdames, Messieurs, merci de votre attention.",D:/projet_hachathon/Audios/Fichiers_son/0087547000-COE-20230902-121520-d72ed3e3-6f17-45b9-9c29-d10163041529.wav
98,"Mesdames, Messieurs, Bonjour à tous, je vous informe que votre prochain train Mona pour Massy Palaiseau un ce train Mona effectuera son départ de la voie 1. Une départ dans 9 Min. Merci.",D:/projet_hachathon/Audios/Fichiers_son/0087547000-DCT-20230902-143026-28312fa1-f19a-4ab4-9b1a-85fb0a0a24e1.wav
99,"Voie 20, ce train ne prend pas de voyageurs, merci de descendre de voiture. Assurez-vous de n'avoir rien oublier à votre place. Voie 20. Ce train ne prend pas de voyageur il part au garage  Madame Monsieur, merci de votre attention.",D:/projet_hachathon/Audios/Fichiers_son/0087547000-COE-20230902-185504-7876f988-a451-4a24-ad77-531965eba1d6.wav
100,"Sur la voie 2 Madame Monsieur, départ imminent d'un train Romy, destination pont de Rungis, aéroport d'Orly, voie de départ imminent du train Romy destination pont de Rungis aéroport d'Orly. Contrairement à l'annonce précédente, le tient le train pardon dans son intégralité, partira.",D:/projet_hachathon/Audios/Fichiers_son/0087547000-DCT-20230902-221214-3d3c0cd3-2953-423e-9ded-5082ba869a6d.wav
101,"A la voie 42,Madame, Monsieur, à la voie 42 , je vous informe que vous avez entré en direction de Robinson et à la voie 44 un train direction de Massy Palaiseau. Le premier départs, se faire de secteur de la voie 44, premier départ voie 44.",D:/projet_hachathon/Audios/Fichiers_son/0087271023-DCT-20230902-004526-7813b296-f22d-499d-ba72-fec53a724cab.wav
102,"à la voie 42, à la voie 42, le train qui était en direction de Saint-Rémy-Lès-Chevreuse à la voie 42 à la voie 42. Ce train est en direction de Saint-Rémy-Lès-Chevreuse",D:/projet_hachathon/Audios/Fichiers_son/0087271023-DCT-20230902-002214-05e1de1b-dfb9-43d4-9aaf-613f8e05dba4.wav
103,"Voie 43. Le train actuellement à quai, un train pour aéroport charles De Gaulle 2 sera direct jusqu'à Aulnay sous bois, puis direct jusqu'à l'aéroport Charles de Gaulle 1",D:/projet_hachathon/Audios/Fichiers_son/0087271023-DCT-20230902-064105-0486f839-f00e-4116-9495-7b10a4c02a42.wav
104,"Fash INFO trafic, ligne B, Madame Monsieur, Bonjour et bienvenue en gare il est 08h15, excusez-moi l'heure pour moi de vous faire un point sur la circulation. Actuellement, le trafic est fluide sur l'ensemble de la ligne mais je vous rappelle que le samedi 12, le dimanche 13, le lundi 14 août, le trafic est interrompu entre Paris gare du Nord et mitry Claye et également entre Paris Gare du Nord et Aulnay-sous-Bois en direction de l'aéroport Roissy-Charles-de-Gaulle 2, si vous le pouvez donc ce week-end, je vous invite à reporter votre voyage pour suivre en temps réel d'évolution de votre ligne. Je vous invite à consulter les applications Île-de-France Mobilités. Les sites  transilien.com, ratp.fr, sncf.connect ou vos applis de mobilités, je vous souhaite à tous et à toutes une agréable journée, un bon voyage.",D:/projet_hachathon/Audios/Fichiers_son/0087001479-DCT-20230810-081529-468ca229-718b-4244-b0bb-bfc60a365a77.wav
105,"Flash info trafic ligne B, Madame Monsieur, Bonjour et bienvenue en gare il est 09h15, L'heure pour moi de vous faire un point sur la circulation. Actuellement le trafic est fluide sur l'ensemble de la ligne et je vous rappelle que le samedi 12, le dimanche 13 et lundi 14 août, le trafic est interrompu entre Paris gare du Nord et mitry Claye et entre Paris Gare du Nord et Aulnay-sous-Bois en direction de l'aéroport Roissy-Charles-de-Gaulle. 2 donc si vous le pouvez ce week-end là, je vous invite à limiter votre déplacement pour suivre en temps réel l'évolution. De votre ligne, je vous invite à consulter les applications Île-de-France mobilités, les site transilien.comratp.fr, SNCF Connect ou votre appli de mobilités. Je vous souhaite à tous et à toutes une agréable journée. Un bon voyage.",D:/projet_hachathon/Audios/Fichiers_son/0087001479-DCT-20230810-091549-f2b45264-951d-4f70-92bd-2c8eac8c7786.wav
106," Voie. 21, voie. 21, je vous rappelle que le train actuellement à quai et terminus son prochain départ se fera en direction des voies de garage pour votre sécurité. Je vous invite donc à vous éloigner de la bordure du quai pour les voyageurs souhaitant se rendre à l'aéroport Roissy Charles de Gaulle 2 un autre train sera mise à quai dans quelques instants à la voie 23 pour votre sécurité, je vous invite donc à vous éloigner de la bordure du quai. Merci.",D:/projet_hachathon/Audios/Fichiers_son/0087271460-DCT-20230810-095738-092124a0-40b9-4a15-85f9-c5588c74f9e7.wav
107,"Voie 41, messieurs, dames voyageurs de la ligne D, Je vous informe que tout vos prochains trains partiront de la voie 43, même quai voie d'en face. Je répète tout, vos prochains trains partiront de la voie 43, même quai voie d'en face. Le train actuellement à quai voie 41 est maintenu en gare en raison d'une intervention de pompiers. Elle fait suite à un malaise voyageur actuellement en cours, ce train ne partira pas. Tant que cette intervention sera en cours, je vous invite donc à vous reporter voie d'en face voie 43 pour tout vos prochain départ de la ligne D.",D:/projet_hachathon/Audios/Fichiers_son/0087271023-DCT-20230808-100213-871641d6-d2c6-402b-9de2-27c89e510754.wav
108,"Actuellement accueil voie 43 actuellement à quai voie 43, un train FACA à destination de goussainville voie 43 actuellement à quai, un train faca à destination de goussainville pour les voyageurs patientant voie 41 et désirant prendre ce train, merci de vous diriger sur le même quai, voie d'en face. Le train actuellement à quai voie 41 ne va pas partir tout de suite. Je vous invite donc à emprunter le train à destination de goussainville, actuellement à quai voie 43.",D:/projet_hachathon/Audios/Fichiers_son/0087271023-DCT-20230808-101703-45dca364-d797-497f-bc89-9c8ab1e9daaa.wav
109,"Voie 43, voie 43 actuellement à quai, un train semi-direct à destination de l'aéroport Charles-de-Gaulle. Je vous rappelle que ce train desservira uniquement les gares Aulnay-sois-bois, et l'aéroport Charles de Gaulle 1 et 2 son terminus Platform for Free. Femme par la station, tout les sous bois. Actuellement avec 43 un train semi-direct à destination de l'aéroport Charles-de-Gaulle, ce train desservira uniquement les gares d'Aulnay-sous-bois et l'aéroport Charles de Gaulle 1 et 2 son terminus.",D:/projet_hachathon/Audios/Fichiers_son/0087271023-DCT-20230808-104131-30530cf4-168c-4c8f-8066-210a93e9045a.wav
110,"à la voie 43, Mesdames et Messieurs, votre prochain train va faire son entrée en gare, train de la ligne B à destination de l'aéroport Roissy-Charles-de-Gaulle. Attention toutefois, le train en question ne desservira que les gares donne les sous bois de l'aéroport Roissy Charles de Gaulle 1 et de l'aéroport Roissy-Charles-de-Gaulle de son terminus.",D:/projet_hachathon/Audios/Fichiers_son/0087271023-DCT-20230808-130519-8b6b8bd5-2df6-408e-9d74-f37c69a3ff14.wav
111,"Voie 43 le train à l'approche, un train pour l'aéroport Charles-de-Gaulle 2. Il sera direct jusqu'à Aulnay-sous-Bois, puis direct jusqu'à au port Charles de Gaulle un.",D:/projet_hachathon/Audios/Fichiers_son/0087271023-DCT-20230808-142652-862e9722-0335-4b42-b97b-5f5056fd0285.wav
112,"Voie 43 le train, la prochain train Paris pour Charles de Gaulle 2 il sera direct jusqu'à Aulnay-sous-Bois puis direct jusqu'à l'aéroport Charles de Gaulle 1",D:/projet_hachathon/Audios/Fichiers_son/0087271023-DCT-20230808-155345-01b90438-5a50-4cf5-a3cb-12a07297e1b2.wav
113,"Voie 42, le train qui rentre à quai est un train pour Fontaine Michalon.",D:/projet_hachathon/Audios/Fichiers_son/0087271023-DCT-20230808-180206-30b3bab4-117e-4d62-b2fa-ec4d424a8394.wav
114,"Flash INFO trafic, Madame, Monsieur, Bonsoir et bienvenue à Paris Gare du Nord.",D:/projet_hachathon/Audios/Fichiers_son/0087271023-DCT-20230808-201957-cede6f0c-d3ae-43ae-a5c8-2e0a3197a954.wav
115,"Madame Monsieur, l'incident est terminé à l'aéroport Charles de Gaulle 2. Le trafic va reprendre progressivement. Cela faisait suite aux affaires oubliées en gare de l'aéroport Charles-de-Gaulle 2.",D:/projet_hachathon/Audios/Fichiers_son/0087271023-DCT-20230808-203943-549d34b3-5d7a-4def-a12d-708c0c0e9b7e.wav
116,"Voie 44, voie 44 le train actuellement à quai. Pars à destination de Melun je répète à la voie 44 votre train actuellement à quai pars à destination de Melun. Pour tous les voyageurs souhaitant se rendre en direction de corbeille esonnes votre prochain train ROVO Euh. viens de, quitter la gare de Stade de France.",D:/projet_hachathon/Audios/Fichiers_son/0087271023-DCT-20230808-213236-7bec1727-8ade-4ccf-b457-2f82668605b3.wav
117,"Mesdames, Messieurs j informe les voyageurs à destination de Tournay des parts prévu 10h08 que la voie de départ de votre TER sera affichée tardivement Merci de rester attentif aux annoncé à l affichage en gare Merci",D:/projet_hachathon/Audios/Fichiers_son/0087286005-Annonceur-20230905-095807-959f22dc-a748-4b00-9d7b-efc3d2a98dc5.wav
118,Info trafic RER E Je vous informe que le trafic est perturbé Haussman Saint-Lazare Chelles gournay dans les 2 sens prévoyez des ralentissements ainsi que des suppressions de trains et modifications,D:/projet_hachathon/Audios/Fichiers_son/0087113407-PRE-20230905-095843-95e698b5-c098-4c1f-9709-af414cf30b23.wav
119,Mesdames et Messieurs  10 h c'est l heure de faire un Flash le trafic est normal pour le moment En ce moment je vous informe qu un train en provenance de Montigny et en direction de pont de Régis à Orly a dû être retiré de la circulation car les conditions n ont pas été réunies pour effectuer le départ dans les temps impartis Pour plus d Info Mesdames et Messieurs restaient très attentif aux annonces et restez connectés sur l appli Île de France mobilités le site transilien.com sans oublier SNCF Connect,D:/projet_hachathon/Audios/Fichiers_son/0087276063-DCT-20230905-100048-3a7b5966-8618-44d6-9a05-6cefa1d6c2c3.wav
120,Bienvenue en gare de Saint Pierre Des corps prochain départ pour La Rochelle 10h16 sur la voie 1 pour Bordeaux 10h10 retard des de 15 Min en raison de conditions de départ non réunis à Lille,D:/projet_hachathon/Audios/Fichiers_son/0087571240-Pupitre-20230905-100103-2a69baeb-8ab7-47d1-99ed-7b53e36e593c.wav
121,Mesdames Messieurs votre attention s il vous plaît en raison d une défaillance de matériel le TER pourrait pour Rennes initialement prévu à 10h28 est supprimé Prochain départ pour Laval Vitré et Rennes 12h28 merci,D:/projet_hachathon/Audios/Fichiers_son/0087484006-PO_PRS-20230905-100111-ab8716ed-d851-4613-a508-8d4358dc8e97.wav
122,Mesdames Messieurs veuillez préparer vos billets avant de vous présenter à l embarquement de votre train Nous vous rappelons que l' étiquetage des bagages est obligatoire Mesdames et Messieurs Merci de votre compréhension,D:/projet_hachathon/Audios/Fichiers_son/0087775007-Pupitre_Escale-20230822-102500-2a339a29-a236-4cf0-be2d-8570fd038a41.wav
123,Du 10 juillet au 26 août en raison d importants travaux le week end Montereau votre trafic sera interrompu de Juvisy en direction de Corbeil Essonnes via la gare d Evry Courcouronnes du premier train au circulation jusqu à 15h00 Le trafic sera également interrompu de Corbeil Essonnes en direction de Juvisy via la gare d Evry Courcouronnes jusqu'au dernier train des bus de remplacement seront mis en place avec desserte des gares intermédiaires Veuillez Retrouvez toutes ces informations via l application Île de France Mobilités le site transilien com ainsi qui l application SNCF Connect Je vous remercie de votre attention,D:/projet_hachathon/Audios/Fichiers_son/0087681437-PRE-20230822-104230-accbd65c-4e3e-4398-a91a-a71721b803f4.wav
124,"Mesdames, Messieurs Bonjour à tous je vous informe dès prochain départ dans votre gare sur la voie une le prochain train remis pour pont de Rungis Orly départ dans 7 Min Vous trouverez sur la voie de votre prochain train elba pour Saint Martin d Étampes départ dans 10 Min",D:/projet_hachathon/Audios/Fichiers_son/0087547000-DCT-20230822-105036-a1bca4b9-ef77-4f42-815a-82775cb1d5c4.wav
125,Voie C le train TER à destination de Paris Est Partir prenez garde à la fermeture automatique des portes attention au départ,D:/projet_hachathon/Audios/Fichiers_son/0087116582-DCT-20230822-105820-62d5f8a0-a472-477b-972a-de644af3af3c.wav
126,"Voie numéro 14, ce train ne prend pas de voyageurs voie numéro 14, voie numéro 14. Ce train ne prend pas de voyageurs. Merci de bien vouloir descendre du train et n'oublier aucun effet personnel.",D:/projet_hachathon/Audios/Fichiers_son/0087391003-COE_1-20230830-181659-340641df-6ed6-4beb-80bd-7d2f80c5bd97.wav
127,"Flash INFO Trafic, Mesdames et Messieurs, Bonjour et bienvenue à Paris Gare du Nord. Nous sommes le mercredi 30 août, il est 16 h passé de  6 Min. Je vous propose de faire un point sur l'état des circulations concernant vos ligne D aider ou je n'ai rien à vous signaler de particulier au moment de traverser la capitale. De même concernant veux correspondances avec les lignes HK en gare de surface ou de même avec les lignes de métro parisien, a noté quelques travaux. Si vous devez voyager ce soir à partir de 22h45 avec une interruption entre Paris Gare du Nord, l'aéroport Charles-de-Gaulle. Et Paris Nord Mitry-Claye sur la ligne D à partir de 23h20 entre Paris et gare de Lyon et Creil à. Vous pouvez bien sûr retrouver l'ensemble de ces informations sur les applications Île-de-France, mobilitéstransilien.comratp.fr, SNCF Connect ou bien votre applis de mobilités. Je vous souhaite à toutes et à tous une très bonne soirée.",D:/projet_hachathon/Audios/Fichiers_son/0087271023-DCT-20230830-160646-c5ed9201-b3c7-4597-ab26-812816f0adc1.wav
128,"Annonce pour les voyageurs empruntant le TER à destination de Creil. Départ 14h18, votre TER actuellement en ligne, il entrera en gare dans quelques minutes à la voie 17. le TER à destination de Creil départ 14h18, on trouvera un gare dans quelques minutes à la voie 17. Lors de votre arrivée sur la voie 17, merci de patienter en vous tennant éloigner de la bordure du quai.",D:/projet_hachathon/Audios/Fichiers_son/0087271007-VOX@NET_GL1-20230905-135603-7977aa94-28ef-45e9-bc50-12eda5550ec8.wav
129,"Voie numéro 17, votre TER à destination de Creil entre en gare  r votre sécurité, éloignez vous de la bordure du quai. Attendez l'arrêt complet du train ainsi que la descente et des voyageurs avant de prendre place à bord voie 17 votre TER à destination de Creil entre en gare.",D:/projet_hachathon/Audios/Fichiers_son/0087271007-VOX@NET_GL1-20230905-140059-6ee738da-045f-4e7a-82aa-034bb74e786c.wav
130,"Voie numéro 11, voie numéro 11, votre train entre en gare pour votre sécurité. Merci de bien vouloir vous éloigner de la bordure du quai, d'attendre l'arrêt complet du train avant de prendre place à bord.",D:/projet_hachathon/Audios/Fichiers_son/0087271007-VOX@NET_GL1-20230905-161837-010f54c5-5e6e-4212-b99b-92d35c353e99.wav
131,Mesdames Messieurs je reviens vers les voyageurs du TER  France C14 à destination de Compiègne pour un départ initialement prévu à 16h36 que 5 Min de retard sont à prévoir en raison de conditions de départ non réunis,D:/projet_hachathon/Audios/Fichiers_son/0087271007-VOX@NET_GL1-20230905-161858-3c06f93a-4c99-4686-bcce-2985563e3043.wav
132,"Mesdames, Messieurs, j'informe les voyageurs du TGV lyria 9765, départ initialement prévu 10h18 à destination de Genève que votre accueil embarquement vient de débuter sur la voie G, vous y avez accès depuis le 1 et le hall 3. Je vous rappelle également que votre TGV subira un retard au départ de 40 Min suite à une sortie tardive du technicentre. Merci de votre écoute.",D:/projet_hachathon/Audios/Fichiers_son/0087686006-Pupitre_COE_2_gauche-20230906-103317-f4f27ace-0615-4337-803b-2bbbe40f11c8.wav
133,"Mesdames, Messieurs sur la voie A je vous informe que les portes de votre TGV à destination de Nice sont maintenant déverrouiller. Je vous invite à prendre place à bord en vous souhaitant un bon voyage. Voilà.",D:/projet_hachathon/Audios/Fichiers_son/0087686006-Pupitre_COE_2_gauche-20230906-110022-196583bc-1cc6-4d2f-887c-d1ebc44cd011.wav
134,"Mesdames, Messieurs, votre attention s'il vous plaît, j'informe les voyageurs du train Train Italia 66-51 à destination de Lyon Perrache. Départ prévu 14h26 qu votre train Train Italia est désormais mise en place à la voie h, accessible uniquement depuis le hall numéro 1. Vous pouvez donc dès à présent réaliser votre accueil embarquement et nous vous souhaitons un agréable voyage.",D:/projet_hachathon/Audios/Fichiers_son/0087686006-Pupitre_COE_2_gauche-20230802-140258-9e0b04f1-45ff-400e-b33c-4ed1396d4728.wav
135,"Mesdames, Messieurs sur la voie 11, je rappelle aux voyageurs à destination de Barcelone que votre TGV numéro 97 15. Et situées à l'avant du quai entre les repères V et Z et que ces voitures seront numérotées de 18 à 11 pour les voyageurs à destination de Perpignan, pour le TGV numéro 6049, vos voitures sont numérotées de 8 à 1 et sont situées en tout début de quais à l'arrière du train, entre les repères R et U Mesdames, Messieurs, merci de votre attention.",D:/projet_hachathon/Audios/Fichiers_son/0087686006-Pupitre_COE_2_gauche-20230802-144526-272b33c4-1a29-4d5d-9d81-fed62b8841f7.wav
136,"Mesdames, Messieurs, j'informe les voyageurs du TGV inouï. 6711, départ à 18h52 en direction de Mulhouse. Que votre train va être mis en place à la voie.J En attendant l'arrivée de votre train en gare, je vous invite à réaliser votre embarquement et à patienter sur le quai en fonction de votre numéro de voitures. Mesdames, Messieurs, lorsque vous accéderez au quai, je vous invite déjà présent à vous tenir éloignés de la bordure du quai. Merci.",D:/projet_hachathon/Audios/Fichiers_son/0087686006-Pupitre_COE_2_gauche-20230802-182647-15a34b41-b1f6-40e5-b684-aab9817f3fe4.wav
137,"Mesdames, Messieurs Je rappelle aux voyageurs des TGV 6127 départ initial 18h38 en direction de Marseille dont le départ sera différé de 40 Min et les voyageurs du TGV 6951 départ initial 18h46 en direction de Annecy dont le départ sera différé de 30 Min Que ces retards font ensuite à la réutilisation de vos trains à retarder en ligne En effet la chute d un arbre sur les voies entraîné des retards sur vos trains à l arrivée et cela pour conséquence des retards sur vos trains au départ Merci de patienter sur les hall d attente",D:/projet_hachathon/Audios/Fichiers_son/0087686006-Pupitre_COE_2_gauche-20230802-183033-5ac1495c-9eb1-46fc-abbc-c2505501dfcd.wav
138,"Mesdames, Monsieur informe les voyageurs que le Transilien de 17h32 pour Montargis. Yaura un retard de 5 Min au départ de notre gares mesdames, monsieur, merci à tous de votre écoute, je reviendrai vers vous dès que j'aurai des informations supplémentaires.",D:/projet_hachathon/Audios/Fichiers_son/0087686006-Pup_Sec_COE_Droite-20230907-171801-210e16e1-8cf7-422b-8acc-bb047e200e79.wav
139,"Mesdames, Monsieurs à la voie A , je vous informe que votre TGV inouï. 6621 15h52 pour Lyon Perrache et maintenant accessible. Mesdames, Monsieurs, merci de votre écoute et vous souhaite à tous un bon voyage.",D:/projet_hachathon/Audios/Fichiers_son/0087686006-Pupitre_COE_2_gauche-20230910-153657-1933dd0f-d7dd-4e94-8859-835603d32373.wav
140,"Mesdames, Monsieurs, nous recherchons donc activement le ou la propriétaire d'un sac vert et un autre sac bleu. Et c'est face au restaurant prêt à manger dans le hall 1, l'oxyde, le ou la propriétaire de ce sac vers le sac bleu sont toujours présents. Ils sont priée de venir les récupérer immédiatement dans le hall 1 face au prêt-à-manger, ceci avant intervention des forces de l'ordre.",D:/projet_hachathon/Audios/Fichiers_son/0087686006-Pupitre_COE_2_gauche-20230910-170025-2dc12d27-1e65-49d4-9ce5-929e637dca32.wav
141,"Mesdames, Monsieurs, à la voie A, votre train est actuellement en cours de préparation, je vous invite à patienter devant les portes de vos voitures. Je répète à la voie A merci de patienter devant les portes de vos voitures. Votre TGV est actuellement en cours de préparation et de sa visite du TGV 6949. 17h46 pour. Écouter, je reviens vers vous dans quelques instants.",D:/projet_hachathon/Audios/Fichiers_son/0087686006-Pupitre_COE_2_gauche-20230910-172009-7e1459d2-5d0e-4ece-b83f-cb3c46a44ad3.wav
142,"Mesdames, Monsieurs le 18. 6127 18h38 pour Marseille et actuellement embarquement à la voie 23 depuis le hall numéro 2.",D:/projet_hachathon/Audios/Fichiers_son/0087686006-Pupitre_COE_2_gauche-20230910-180914-e00fb7df-6722-4e61-bf46-31c6c763c560.wav
143,"Mesdames, Monsieurs, je vous informe que le Transilien de 18h15 pour Moret Veneux-Les-Sablons est actuellement à l'embarquement à la voie M mais Monsieur Mesdames, tous et de votre écoute.",D:/projet_hachathon/Audios/Fichiers_son/0087686006-Pupitre_COE_2_gauche-20230910-180931-b79ad72e-752b-451f-bfb6-d7ca10c0a718.wav
144,"Mesdames Monsieurs, nous recherchons toujours activement le ou la propriétaire d'un sac bleu Marine. Mais Monsieur recherchons activement le propriétaire d'un sac bleu Marine laissée à la voie, 23 voitures 13 donc ciné ou la propriétaire est toujours présent. Il est prié de venir le récupérer immédiatement à la voie 23, voiture 13 et ceci avant tension des forces de l'ordre.",D:/projet_hachathon/Audios/Fichiers_son/0087686006-Pupitre_COE_2_gauche-20230910-181514-fe22addd-0da3-4c1a-b0c5-76e735fcd336.wav
145,"Mesdames, Monsieur à la voie 23, je vous rappelle que suite à un arrêt préfectoral, il est strictement interdit de fumer sur les quais de la gare. Je répète à la voie 23, il est strictement interdit de fumer sur les quais de la gare. Merci d'éteindre vos cigarettes mesdames, Monsieur, merci à tous ceux de votre écoute et bon voyage à tous.",D:/projet_hachathon/Audios/Fichiers_son/0087686006-Pupitre_COE_2_gauche-20230910-181923-878c5c31-820f-4630-8958-931c11a4df27.wav
146,"Mesdames, Monsieurs à la voie B attention, attention, je demanderais à l'ensemble des voyageurs de bien vérifier que vous avez rien oublier à bord du TGV. Je rappelle que tout objet laissée à bord du TGV peut entraîner l'intervention des forces de l'ordre et même la destruction de vos bagages. Merci donc de bien vérifier que vous avez tout vos effets personnels avec vous, mais Monsieur merci à tous de votre écoute.",D:/projet_hachathon/Audios/Fichiers_son/0087686006-Pupitre_COE_2_gauche-20230910-203142-1c3d6795-57f9-4374-8024-3283081f45d3.wav
147,"Mesdames, Monsieurs à la voie L, merci aux voyageurs de bien vérifier que vous avez tout vos effets personnels avec vous. Je vous rappelle que toute valise, sacoche ou autre laissée à bord du TGV peut entraîner l'intervention des forces de l'ordre. Merci de bien vérifier donc que vous avez tout vos effets personnels avec vous avant de quitter la gare.",D:/projet_hachathon/Audios/Fichiers_son/0087686006-Pupitre_COE_2_gauche-20230910-203808-2a6161a9-6158-4d87-a67d-3f57e82269a1.wav
148,"Mesdames Monsieur, bienvenue en gare de Paris gare de Lyon. Merci à l'ensemble des voyageurs de bien vérifier que vous avez tous vos effets personnels avec vous. Je vous rappelle que tout sac, valise ou autre laissée à bord d'un TGV peut entraîner intervention des forces de l'ordre et même du service de déminage. Merci donc de bien vérifier que vous avez tous vos effets personnels avant de partir de la gare. Merci à tous ceux de votre écoute. Et vous souhaite à tous une bonne soirée.",D:/projet_hachathon/Audios/Fichiers_son/0087686006-Pupitre_COE_2_gauche-20230910-204457-0f4c697f-fc1f-4e4b-8249-3980bf968b4c.wav
149,"Mesdames, Monsieurs, nous recherchons activement le ou la propriétaire d'un cartable bleu laissée à la voie K dans le TGV 7882, dans le train en provenance de Perpignan. Mesdames Monsieurs, je répète, nous recherchons activement le ou la propriétaire d'un cartable bleu laissée dans le TGV. Ouigo 7882, en provenance de Perpignan. Mesdames Monsieurs, je répète, nous recherchons activement le ou la propriétaire d'un cartable bleu laissée à la voie K dans le TGV ouigo 7882 en provenance de Perpignan s'il le ou la propriétaire de se bagage est toujours présent, il est prié de venir récupérer immédiatement à la voie K.",D:/projet_hachathon/Audios/Fichiers_son/0087686006-Pupitre_COE_2_gauche-20230910-205052-ee4324ad-041c-4061-ac6b-a301c7b44d16.wav
150,"Annonce de service, votre attention s'il vous plaît, le service de douane n'est attendue au point groupe à côté de la voie 24. Je répète, le service de douane est attendu au point groupe à côté de la voie 24. Merci.",D:/projet_hachathon/Audios/Fichiers_son/0087391003-COE_2-20230910-123418-e1a9f49c-97ce-4d3f-bab3-c1e3a623912e.wav
151,"Votre attention s'il vous plaît, le ou la propriétaire d'une valise bleue Marine laissée sans surveillance dans le TGV numéro 8534 en provenance de Hendaye voie 7 cette voiture 18 est prié de venir le récupérer de toute urgence avant intervention des services de sécurité. Je répète, Mesdames, Messieurs, le ou la propriétaire d'une valise bleue Marine laissée sans surveillance dans le TGV numéro 8534 en provenance de Hendaye voie 7 voiture 18 est prié de venir là récupérer de toute urgence avant intervention des services de sécurité.",D:/projet_hachathon/Audios/Fichiers_son/0087391003-COE_2-20230910-143302-23c5237a-2c5b-4fe6-aa18-a69cd2df39f7.wav
152,"Mesdames, Messieurs, votre attention, s'il vous plaît. Voie numéro 3, la rame pour Toulouse 6U se situe au niveau du butoir en entrée de quai et la rame pour Arcachon se situe à l'avant du quai côté. Pasteur.",D:/projet_hachathon/Audios/Fichiers_son/0087391003-COE_2-20230910-145444-3aa084a6-113f-44e2-aa47-55fdf505ed1c.wav
153,"Voie 3, attention à la fermeture automatique des portes. Le départ est imminent. Voie numéro 3 attention à la fermeture automatique des portes. Le départ est imminent.",D:/projet_hachathon/Audios/Fichiers_son/0087391003-COE_2-20230910-150942-a2ac0935-750f-4acc-a97f-ceff888abb69.wav
154,"Mesdames, Messieurs voie 2, attention à la fermeture automatique des portes. Le départ du train et imminent je répète voie 2, attention à la fermeture des portes. Le départ du train et imminent.",D:/projet_hachathon/Audios/Fichiers_son/0087391003-COE_2-20230910-155748-15d08d76-4e88-41e6-9940-cd32bd5c1f2d.wav
155,"Votre train voie 7 entre en gare, veuillez vous éloigner de la bordure du quai s'il vous plaît. Je répète votre train voie 7 entre en gare, veuillez immédiatement vous éloigner de la bordure du quai. Merci.",D:/projet_hachathon/Audios/Fichiers_son/0087391003-COE_2-20230910-172431-5c640e6a-d4a0-4c5d-b410-9dc00cd95f9e.wav
156,Je votre attention s'il vous plaît. Cette annonce s'adresse uniquement aux voyageurs du TGV 8461 à destination de Bordeaux. Votre train partira de la voie 1. Info.,D:/projet_hachathon/Audios/Fichiers_son/0087391003-COE_2-20230910-213756-c1784dc7-03e5-43ed-8eb1-9eccae888007.wav
157,"Mesdames, Messieurs, voie numéro 9, nous invitons les utilisateurs de trottinettes bien vouloir descendre de leurs véhicules, c'est interdit. L'usage des trottinettes est interdit en gare. Merci.",D:/projet_hachathon/Audios/Fichiers_son/0087391003-COE_2-20230910-235808-3445d786-948f-4d4c-9270-fc42fd10a8d3.wav
158,"Merci aux voyageurs étant arrivé voie numéro 9 de bien rester de leur côté du quai afin de faciliter la montée des voyageurs. Voie numéro 8. Je répète, Mesdames, Messieurs, je demande aux voyageurs arrivés voie numéro 9 de bien rester de leur côté du quai afin de faciliter la montée des voyageurs. Voie numéro 8.",D:/projet_hachathon/Audios/Fichiers_son/0087391003-COE_2-20230901-171146-25d0a47e-898d-46e9-a9ec-541109b65908.wav
159,"Mesdames, messieurs,  voie numéro 9, prenez garde à la fermeture automatique des portes, le départ et maintenant voie numéro 9, prenez garde à la fermeture automatique des portes. Le départ et imminent.",D:/projet_hachathon/Audios/Fichiers_son/0087391003-COE_2-20230901-180014-f7cc0a3c-27e6-4be1-91af-9483ac532294.wav
160,Voie 4 votre attention s il vous plaît je vous rappelle que sur la voie numéro 5 se situe vos TGV numéro 8592 à destination de Tarbes et 8551 à destination de Hendaye Départ prévu 18h10 et sur la voie numéro 4 va arriver votre TGV numéro 8345 à destination de Poitiers 8319 à destination de Tours Départ prévu 18h31 Je t invite annonce,D:/projet_hachathon/Audios/Fichiers_son/0087391003-COE_2-20230901-180452-c6cd8f14-f8e4-40a0-a977-253520cd518d.wav
161,"Voie 1 votre train entre en gare, Éloignez vous de la bordure du quai voie numéro une, votre train rentre en gare, éloignez vous de la bordure du quai.",D:/projet_hachathon/Audios/Fichiers_son/0087391003-COE_2-20230901-182300-d9b2e13d-0a50-4405-aa2c-58e646caf3fc.wav
162,"Voie numéro 21, attention à la fermeture des portes, votre train va partir voie 21 voie 21 attention à la fermeture des portes, votre train est au départ, merci.",D:/projet_hachathon/Audios/Fichiers_son/0087391003-COE_1-20230901-182549-e7f11891-6b88-4290-b850-5594f271c751.wav
163,"Voie numéro 6 et voie numéro 7, votre attention s'il vous plaît. Un TGV arrive voie numéro 7, un TGV arrive voie numéro 7 pour votre sécurité et pour une gestion de flux optimal. Je demande passagers de la voie 6 de se tenir sur la gauche du quai, s'il vous plaît, Mesdames, Messieurs, je vous demande de vous tenir sur la gauche du quai afin de faciliter la sortie des passagers qui arrivent. Voie numéro 7, Mesdames, Monsieur, merci pour votre collaboration.",D:/projet_hachathon/Audios/Fichiers_son/0087391003-COE_2-20230906-140216-d68d44e6-7051-4cce-9658-af0d60fd5996.wav
164,"Numéro 2, le départ de votre TGV est imminent attention à la fermeture des portes, je vous invite à monter à bord le plus rapidement possible. Voie numéro 2, votre TGV va quitter la gare. Mesdames, Monsieur, merci.",D:/projet_hachathon/Audios/Fichiers_son/0087391003-COE_2-20230906-140625-2430b106-6663-4e56-ab58-c7307e5c8c13.wav
165,"Mesdames, Messieurs, j'informe les voyageurs à destination de Brest et Quimper. 18h43, initialement prévues votre TGV et malheureusement dans un périmètre de sécurité liées à un bagage abandonné à proximité. Par conséquent, nous sommes dans l'obligation de faire intervenir une équipe de déminage. Votre TGV et pour le moment retardé de 5 Min. Je reviendrai vers vous pour faire le point d'ici quelques instants.",D:/projet_hachathon/Audios/Fichiers_son/0087391003-COE_2-20230906-183112-ac66c433-bcf9-4ae1-91cc-c32b1e4a4c90.wav
166,"Mesdames, Messieurs, voie numéro 15, voie numéro 15 pour le départ à destination de Rambouillet. Je vous rappelle que seuls l'avant du train prend des voyageurs, merci de vous avancer en début de quai pour accéder à vos voitures. Train à destination de Rambouillet, avancer vous en début de quais. Pour accéder à vos voitures.",D:/projet_hachathon/Audios/Fichiers_son/0087391003-COE_1-20230906-203136-275e0c80-2e26-4557-acbc-b3320afd1ef0.wav
167,Voie numéro 3 votre attention s il vous plaît je vous rappelle que votre TGV numéro 8871 à destination de Nantes Départ prévu 10h30 desservir à l égard de Le Mans Angers Saint Lo et Nantes son terminus,D:/projet_hachathon/Audios/Fichiers_son/0087391003-COE_2-20230907-100725-16c06269-60f0-4f8d-96aa-5ba79076e7de.wav
168,"Votre attention s'il vous plaît, votre attention, s'il vous plaît, Madame talmont, Madame Talmont est prié de se présenter à l'espace de vente situé près de la voie numéro une, Madame Talmont et priée de se présenter à l'espace de vente près de la voie numéro une.",D:/projet_hachathon/Audios/Fichiers_son/0087391003-COE_1-20230907-110345-52fc31ca-4ffb-4b0a-aa08-d817847238dd.wav
169,"Voyageurs du ouigo, numéro 7615 que vous n'êtes pas autorisé à emprunter le TGV voie numéro une. Merci de retourner sur le quai transversal.",D:/projet_hachathon/Audios/Fichiers_son/0087391003-COE_2-20230907-125658-0c58b31e-ad2a-4e90-9beb-73b5e5adc1b1.wav
170,"Voie une prenez garde à la fermeture automatique des portes, le départ et voie numéro une. Prenez garde à la fermeture automatique des portes. Le départ et imminent.",D:/projet_hachathon/Audios/Fichiers_son/0087391003-COE_2-20230907-125854-ada074b8-cafa-4fae-8c52-635343f2b1b2.wav
171,"Voie 5 pour les voyageurs du TGV numéro 8875 à destination de Nantes. Je vous rappelle que vous desservir et les gares de le Mans, Sablé-Sur-Sarthe, Angers, Saint-Laud et une entre son terminus.",D:/projet_hachathon/Audios/Fichiers_son/0087391003-COE_2-20230907-130857-1c410be4-25d5-49d4-8329-eac2f1fb16c8.wav
172,Les voyageurs du train ouigo numéro 7615 à destination de Quimper Départ initialement prévu 12h47 Mesdames Messieurs je vous informe que votre train ouigo est actuellement en cours d acheminement depuis nos ateliers de Bercy Je vous rappelle qu un retard au départ de environ 1 h et à prévoir Mesdames Messieurs ce retard est une estimation il est susceptible d évoluer à la hausse ou à la baisse Je vous demande donc de bien rester attentif aux annonces et aux affichages en gare La 2,D:/projet_hachathon/Audios/Fichiers_son/0087391003-COE_2-20230907-131150-cfdf4110-8639-4324-b09d-ce9f0913f060.wav
173,"Mesdames, Messieurs, prochain départ à destination de Dreux. Départ prévu à 17h43. Départ voie numéro 16 17h43 Dreux départ voie numéro 16.",D:/projet_hachathon/Audios/Fichiers_son/0087391003-COE_1-20230907-173525-c1404d1a-5a1e-45f0-ae95-59046b58cb5c.wav
174,"Voie numéro 5, voie numéro 5, votre train entre en gare pour votre sécurité, éloignez vous de la bordure du quai voie numéro 5, votre train va entrer en gare. Merci de rester éloignés de la bordure du quai. Ne tentez pas de monter à bord du train jusqu'à son arrêt complet voie numéro 5, éloignez vous du bord du quai.",D:/projet_hachathon/Audios/Fichiers_son/0087391003-COE_2-20230907-173620-51cc7a6b-1344-4e23-a239-cdb200e5ff43.wav
175,"Mesdames, Messieurs, voie numéro 20, seuls la seconde partie du train prend les voyageurs voie 20. Seule la seconde partie du train prend les voyageurs. L'arrière du train restera en gare voie 20. L'arrière du train reste en gare, seule la seconde partie du train prend les voyageurs.",D:/projet_hachathon/Audios/Fichiers_son/0087391003-COE_1-20230907-181439-598e10d9-0718-4632-baa5-5e07dcee0cef.wav
176,Voie 20 voie 20  départ imminent pour les garde à la fermeture automatique des portes. Attention au départ.,D:/projet_hachathon/Audios/Fichiers_son/0087391003-COE_1-20230907-181834-1a6638cf-b18b-4ab4-8056-fd2444d43308.wav
177,"Voie une prenez garde à la fermeture automatique des portes, le départ et n'en voie numéro une. Prenez garde à la fermeture automatique des portes. Le départ et imminent.",D:/projet_hachathon/Audios/Fichiers_son/0087391003-COE_2-20230907-125854-ada074b8-cafa-4fae-8c52-635343f2b1b2 (1).wav
178,"Voyageurs du ouigo, numéro 7615 que vous n'êtes pas autorisé à emprunter le TGV voie numéro 1 Merci de retourner sur le quai transversal.",D:/projet_hachathon/Audios/Fichiers_son/0087391003-COE_2-20230907-125658-0c58b31e-ad2a-4e90-9beb-73b5e5adc1b1 (1).wav
179,"Je vous rappel que votre TGV à destination de Poitiers, tours est en cours d'acheminement, il arrivera en gare que d'ici quelques minutes. Dès à présent, les paramètres de sécurité sur la voie 6 restez bien éloigner de la bordure du quai.",D:/projet_hachathon/Audios/Fichiers_son/0087391003-COE_2-20230906-181450-d183f7b9-c067-45ee-93d5-72848c4e131f.wav
180,"Ce train ne prend pas de voyageurs. Voie numéro 12, ce train ne prend pas de voyageur.",D:/projet_hachathon/Audios/Fichiers_son/0087391003-COE_1-20230904-211402-4837eaa2-0f5f-496b-89d9-1e5f6dec0e70.wav
181,Voie 12 ce train ne prend pas de voyageurs 12 au 12. Ce train ne prend pas de voyageur.,D:/projet_hachathon/Audios/Fichiers_son/0087391003-COE_1-20230905-080055-03452990-df5f-477f-943e-4e200368fee6.wav
182,Voie 16 ce train ne prend pas de voyageurs. Voie de Meaux 16 ne prend pas de voyageur.,D:/projet_hachathon/Audios/Fichiers_son/0087391003-COE_1-20230902-190348-e6120d17-6385-49dc-b167-a36e0f576818.wav
183,"Voie numéro 7  Attention à la fermeture des portes, votre train va partir voie numéro 7, voie de Meaux 7 attention à la fermeture des portes le train et au départ.",D:/projet_hachathon/Audios/Fichiers_son/0087391003-COE_1-20230905-064219-593f45ad-191a-4d12-8b48-174e4dad27a5.wav
184,"Voie 7 votre train est prêt au départ. Veuillez embarquer. Je répète, voie numéro 7, le train est prêt au départ, veuillez monter à bord du train immédiatement.",D:/projet_hachathon/Audios/Fichiers_son/0087391003-COE_2-20230905-105531-9946b6eb-1ee0-4e1b-a776-496c3071cd0c.wav
185,"1 un train entre en gare, Éloignez vous de la bordure du quai voie numéro 01h01, train rentre en gare, Éloignez vous de la bordure du quai. C'est bien.",D:/projet_hachathon/Audios/Fichiers_son/0087391003-COE_2-20230902-210953-5d737e42-ca61-42d0-a111-ee9c27ebeee1.wav
186,"Voie numéro 11 voie de numéro 11. Ce train ne prend pas de voyageurs, voie numéro 11 numéro 11. Ce train ne prend pas de voyageurs. Merci de bien vouloir descendre du train et n'oublier aucun effet personnel.",D:/projet_hachathon/Audios/Fichiers_son/0087391003-COE_1-20230905-072757-04cee149-5d14-40ed-ae7c-2cc3f3545156.wav
187,"Voie numéro 4, j'invite les voyageurs à prendre place immédiatement à bord du train ouigo. Je répète voie numéro 4, j'invite les voyageurs à prendre place immédiatement à bord du train ouigo.",D:/projet_hachathon/Audios/Fichiers_son/0087391003-COE_2-20230904-124316-d140c989-bb2a-4d89-8f6f-0cd879b2f66a.wav
188,"Voie numéro 8. Je vous informe que la partie arrière de votre train ne prend pas de voyageurs. Merci d'avancer vers l'avant du quai afin de pouvoir embarquer. Je répète, Mesdames, Messieurs, voie numéro 8, la première partie de votre train ne prend pas de voyageurs. Merci d'avancer vers l'avant du quai avant de pouvoir embarquer.",D:/projet_hachathon/Audios/Fichiers_son/0087391003-COE_2-20230903-185535-ca8534c9-49fe-44bd-a0a7-ed98bb5c8b48.wav
189,"Voie 19, votre train destination de Chartres, la montée se fera à l'avant du quai, l'arrière reste en gare. Je répète voie 19, votre train à destination de Chartres. La montée se fera l'avant du quai, l'arrière restant en gare. Merci.",D:/projet_hachathon/Audios/Fichiers_son/0087391003-COE_1-20230904-080618-173e1347-df4f-4c90-a247-228851c76ceb.wav
190,"Message pour le service, message pour le service, ceci est un test de sonorisation.",D:/projet_hachathon/Audios/Fichiers_son/0087113001-Pupitres-20230910-075116-432bf59d-7fa8-403d-93f5-77e1974799b8.wav
191,"Mesdames, Messieurs, voie 26. Merci de patienter quelques instants devant les porte embarquement.",D:/projet_hachathon/Audios/Fichiers_son/0087113001-Pupitres-20230909-125253-a78b8d8d-46cb-4a37-94f7-17951ec30628.wav
192,"Mesdames, Messieurs votre attention s il vous plaît je m adresse aux voyageurs à destination de Meaux je vous informe que votre train partira de la voie 13 avec un retard de 10 Min environ Merci de votre attention",D:/projet_hachathon/Audios/Fichiers_son/0087113001-Pupitres-20230909-165742-ec39e269-3909-46dd-9529-146a79bf3e8e.wav
193,"Mesdames, Messieurs, Bonjour votre attention s'il vous plaît. Une alerte orange Météo France canicule est en cours. la SNCF vous invite à vous hydrater régulièrement et à emporter de l'eau pour votre voyage. Merci également de rester attentif envers les autres voyageurs et n'hésitez pas à solliciter les agents gares en cas de difficulté.",D:/projet_hachathon/Audios/Fichiers_son/0087113001-Pupitres-20230909-142725-36cc71a1-a794-4779-acf6-978be4b6ba7b.wav
194,"Voie 16  attention, la rame situées à l'arrière reste en gare voie 16 voie 16. Attention, la rame situe à l'arrière ne prend pas de voyageurs voie 16 voie 16. Attention, la rame situées à l'arrière reste en gare. Merci d'avancer vers l'avant du train.",D:/projet_hachathon/Audios/Fichiers_son/0087113001-Pupitres-20230909-223629-da7ab117-19b4-455d-abe2-eda1594219e6.wav
195,"Voie numéro 16, votre TER est pris au départ, éloignez vous de la bordure, ne genez pas la fermeture automatique des portes. Attention au départ voie 16, votre train va partir.",D:/projet_hachathon/Audios/Fichiers_son/0087271007-VOX@NET_GL1-20230911-222752-9e07f4b9-6c81-447f-8a03-31097fd2ba34.wav
196,"Voie numéro 11, voie numéro 11, votre train rentre en gare, merci de vous tenir éloignés de la bordure du quai, merci d'attendre l'arrêt complet de votre train avant de prendre place à bord.",D:/projet_hachathon/Audios/Fichiers_son/0087271007-VOX@NET_GL1-20230911-163007-af0a4a15-dadf-4960-bb9e-3b48c1c44fd4.wav
197,"Voie numéro 9, voie numéro 9, votre train rentre en gare, merci de vous tenir éloignés de la bordure du quai, merci d'attendre l'arrêt complet de du train ainsi que la descente des voyageurs avant de prendre place à bord.",D:/projet_hachathon/Audios/Fichiers_son/0087271007-VOX@NET_GL1-20230911-171928-25efb015-c98e-45cb-b452-ca9b2fda97f9.wav
198,"Voie 11, votre TER à destination de Creil entre en gare. Pour votre sécurité, éloignez vous de la bordure du quai, Attendez l'arrêt complet du train ainsi que la descente et les voyageurs. Avant de prendre place à bord voie 11, votre TER à destination de Creil entre en gare.",D:/projet_hachathon/Audios/Fichiers_son/0087271007-VOX@NET_GL1-20230911-210945-8cb234bb-646e-4af4-afbe-a3e1d77267db.wav
199,"Voie numéro 11, voie numéro 11. Vos TGV vont pouvoir partir. Prenez garde à la fermeture automatique des portes, attention au départ voie 11, vos TGV sont prêts au départ. Veuillez ne pas gêner la fermeture automatique des portes. Attention au départ.",D:/projet_hachathon/Audios/Fichiers_son/0087271007-VOX@NET_GL1-20230910-213301-caa9dd1c-95f5-4629-925d-888b6ee65f64.wav
